Workbook

Sheet Anleitung
A1: FaithPath – echter Nutzertest, noch nicht durchgeführt
A2: Alle60 Aufgaben stehen OFFEN. Keine erfundenen Teilnehmenden oder Bewertungen.
A3: Neutral moderieren: App testen, nicht Menschen. Keine Glaubensbewertung.
A4: Eigene oder erfundene Anliegen erlaubt. Keine privaten Worte protokollieren.
A5: UX-01/02/04: mindestens8von10 ohne Hilfe; UX-05: Qualität/Angemessenheit je>=4/5.
A6: Siehe UX_TESTPLAN.md für Aufgaben, Rubrik und Geräte-Gate.
A7: Ergebnis: OFFEN / BESTANDEN / NICHT BESTANDEN. UX-01/02/04 nur ohne Hilfe bestanden markieren.
A8: UX-03/06 fachlich manuell beurteilen. Ein Datenverlust darf nicht durch andere Erfolge ausgeglichen werden.
A9: UX-05 berechnet zwei getrennte Mittelwerte; erst bei zehn abgeschlossenen Aufgaben und je zehn gültigen Bewertungen. Keine automatische Gesamtfreigabe.

Sheet Teilnehmer
A1: Person | B1: Aufgabe | C1: Ergebnis | D1: Hilfestellungen | E1: Zeit Sekunden | F1: Verständnisprobleme | G1: Anonymer Kommentar | H1: Allgemein1–5 | I1: Visuelle Qualität1–5 | J1: Animation passend1–5
A2: T01 | B2: UX-01 | C2: OFFEN
A3: T01 | B3: UX-02 | C3: OFFEN
A4: T01 | B4: UX-03 | C4: OFFEN
A5: T01 | B5: UX-04 | C5: OFFEN
A6: T01 | B6: UX-05 | C6: OFFEN
A7: T01 | B7: UX-06 | C7: OFFEN
A8: T02 | B8: UX-01 | C8: OFFEN
A9: T02 | B9: UX-02 | C9: OFFEN
A10: T02 | B10: UX-03 | C10: OFFEN
A11: T02 | B11: UX-04 | C11: OFFEN
A12: T02 | B12: UX-05 | C12: OFFEN
A13: T02 | B13: UX-06 | C13: OFFEN
... A61: T10 | B61: UX-06 | C61: OFFEN

Sheet Auswertung
A1: Test | B1: Abgeschlossen | C1: Bestanden | D1: Ziel | E1: Status
A2: UX-01 | B2: =COUNTIFS(Teilnehmer!B2:B61,A2,Teilnehmer!C2:C61,"BESTANDEN")+COUNTIFS(Teilnehmer!B2:B61,A2,Teilnehmer!C2:C61,"NICHT BESTANDEN") | C2: =COUNTIFS(Teilnehmer!B2:B61,A2,Teilnehmer!C2:C61,"BESTANDEN") | D2: 8 | E2: =IF(B2<10,"OFFEN",IF(C2>=8,"BESTANDEN","NICHT BESTANDEN"))
A3: UX-02 | B3: =COUNTIFS(Teilnehmer!B2:B61,A3,Teilnehmer!C2:C61,"BESTANDEN")+COUNTIFS(Teilnehmer!B2:B61,A3,Teilnehmer!C2:C61,"NICHT BESTANDEN") | C3: =COUNTIFS(Teilnehmer!B2:B61,A3,Teilnehmer!C2:C61,"BESTANDEN") | D3: 8 | E3: =IF(B3<10,"OFFEN",IF(C3>=8,"BESTANDEN","NICHT BESTANDEN"))
A4: UX-03 | B4: =COUNTIFS(Teilnehmer!B2:B61,A4,Teilnehmer!C2:C61,"BESTANDEN")+COUNTIFS(Teilnehmer!B2:B61,A4,Teilnehmer!C2:C61,"NICHT BESTANDEN") | C4: =COUNTIFS(Teilnehmer!B2:B61,A4,Teilnehmer!C2:C61,"BESTANDEN") | D4: siehe Testplan | E4: OFFEN
A5: UX-04 | B5: =COUNTIFS(Teilnehmer!B2:B61,A5,Teilnehmer!C2:C61,"BESTANDEN")+COUNTIFS(Teilnehmer!B2:B61,A5,Teilnehmer!C2:C61,"NICHT BESTANDEN") | C5: =COUNTIFS(Teilnehmer!B2:B61,A5,Teilnehmer!C2:C61,"BESTANDEN") | D5: 8 | E5: =IF(B5<10,"OFFEN",IF(C5>=8,"BESTANDEN","NICHT BESTANDEN"))
A6: UX-05 | B6: =COUNTIFS(Teilnehmer!B2:B61,A6,Teilnehmer!C2:C61,"BESTANDEN")+COUNTIFS(Teilnehmer!B2:B61,A6,Teilnehmer!C2:C61,"NICHT BESTANDEN") | C6: =COUNTIFS(Teilnehmer!B2:B61,A6,Teilnehmer!C2:C61,"BESTANDEN") | D6: siehe Testplan | E6: =IF(OR(B6<10,B9<10,B10<10),"OFFEN",IF(AND(C9>=4,C10>=4),"BESTANDEN","NICHT BESTANDEN"))
A7: UX-06 | B7: =COUNTIFS(Teilnehmer!B2:B61,A7,Teilnehmer!C2:C61,"BESTANDEN")+COUNTIFS(Teilnehmer!B2:B61,A7,Teilnehmer!C2:C61,"NICHT BESTANDEN") | C7: =COUNTIFS(Teilnehmer!B2:B61,A7,Teilnehmer!C2:C61,"BESTANDEN") | D7: siehe Testplan | E7: OFFEN
A8: UX-05 Qualität/Angemessenheit: zehn Bewertungen pro Dimension, Mittelwert>=4/5. Bis dahin OFFEN.
A9: UX-05 Visuelle Qualität | B9: =COUNTIFS(Teilnehmer!B2:B61,"UX-05",Teilnehmer!I2:I61,">=1",Teilnehmer!I2:I61,"<=5") | C9: =IF(B9=0,"",AVERAGEIF(Teilnehmer!B2:B61,"UX-05",Teilnehmer!I2:I61)) | D9: 10 Bewertungen, Mittel ≥4/5 | E9: =IF(B9<10,"OFFEN",IF(C9>=4,"BESTANDEN","NICHT BESTANDEN"))
A10: UX-05 Animation passend | B10: =COUNTIFS(Teilnehmer!B2:B61,"UX-05",Teilnehmer!J2:J61,">=1",Teilnehmer!J2:J61,"<=5") | C10: =IF(B10=0,"",AVERAGEIF(Teilnehmer!B2:B61,"UX-05",Teilnehmer!J2:J61)) | D10: 10 Bewertungen, Mittel ≥4/5 | E10: =IF(B10<10,"OFFEN",IF(C10>=4,"BESTANDEN","NICHT BESTANDEN"))
